label,tests_run,total_statements,covered_lines,percent_line_coverage,total_branches,covered_branches,percent_branch_coverage,percent_total_coverage,error
P2,71,2200,1147,52.13636363636363,780,245,31.41025641025641,46.71140939597315,
P2,71,921,495,53.74592833876222,358,131,36.592178770949715,48.94448788115716,
