label,tests_run,total_statements,covered_lines,percent_line_coverage,total_branches,covered_branches,percent_branch_coverage,percent_total_coverage,error
P2,71,921,478,51.900108577633006,358,121,33.798882681564244,46.83346364347146,
P2,78,921,496,53.85450597176982,358,130,36.312849162011176,48.94448788115716,
