label,tests_run,total_statements,covered_lines,percent_line_coverage,total_branches,covered_branches,percent_branch_coverage,percent_total_coverage,error
P3,28,921,362,39.30510314875136,358,74,20.670391061452513,34.08913213448006,
P3,62,921,485,52.66015200868621,358,124,34.63687150837989,47.61532447224394,
