label,total_statements,covered_lines,percent_line_coverage,total_branches,covered_branches,percent_branch_coverage,percent_total_coverage,error
requests-functions,2200,665,30.227272727272727,780,72,9.230769230769232,24.731543624161073,coverage run returned code 1
requests-functions,2200,665,30.227272727272727,780,72,9.230769230769232,24.731543624161073,coverage run returned code 1
requests-functions,2200,665,30.227272727272727,780,72,9.230769230769232,24.731543624161073,coverage run returned code 1
requests-functions,2200,1388,63.090909090909086,780,338,43.333333333333336,57.919463087248324,
requests-functions,2200,1388,63.090909090909086,780,338,43.333333333333336,57.919463087248324,
requests-functions,2200,1390,63.18181818181819,780,338,43.333333333333336,57.986577181208055,
